Id,UrlFoto,Descripcion,IdCandidato,IdLista
1,https://sistemavotacionstorage.blob.core.windows.net/multimedia/ee6ad3a0-729b-4299-9033-1e6cee7f9080.jpg,Presidente Daniel Noboa,1,
2,https://sistemavotacionstorage.blob.core.windows.net/multimedia/a014d54f-6da6-421e-b016-f0c185be5948.jpg,Presidente Rafael Correa,2,
3,https://sistemavotacionstorage.blob.core.windows.net/multimedia/c25aa378-78c5-49cd-93b5-6238e105508f.jpg,Vicepresidenta Luisa Gonzales,3,
4,https://sistemavotacionstorage.blob.core.windows.net/multimedia/3e4e9f57-20f0-4c3b-a621-d32c3447b133.jpg,Paola Cabezas Asambleista,6,
5,https://sistemavotacionstorage.blob.core.windows.net/multimedia/9eda598a-5553-4767-a531-5d390d65acce.jpg,Valentina Centeno Asambleista,5,
6,https://sistemavotacionstorage.blob.core.windows.net/multimedia/70d0631a-336b-46e4-b43a-2f9abcb774f8.jpg,Veronica Abad Vicepresidente,4,
7,https://sistemavotacionstorage.blob.core.windows.net/multimedia/3446f7d5-b382-4d9d-ac54-89db28a9d59c.png,Logotipo de RC,,2
8,https://sistemavotacionstorage.blob.core.windows.net/multimedia/818b9e93-6711-4296-8aa2-8db72c0038b3.png,Logotipo de AND,,1
9,https://sistemavotacionstorage.blob.core.windows.net/multimedia/0a7f816e-4a26-4815-9213-20091703164b.jpg,Viviana Veloz Asambleista,7,
10,https://sistemavotacionstorage.blob.core.windows.net/multimedia/30b1ff9e-fe91-41e8-b6d4-178b7a2d1197.jpg,Annabella Azain Asambleista,8,
